'Elapsedtime','CO2','Rhum','Temp','TVOC'
'seconds','ppm','%','degC','ppb'
20190927000018,510.00,58.00,30.10,45.00
20190927000118,506.00,58.00,30.10,46.00
20190927000218,508.00,58.00,30.10,45.00
20190927000318,509.00,58.00,30.10,45.00
20190927000418,508.00,58.00,30.10,45.00
20190927000518,497.00,58.00,30.10,45.00
20190927000618,503.00,58.00,30.10,45.00
20190927000719,509.00,58.00,30.10,45.00
20190927000819,507.00,58.00,30.00,45.00
20190927000919,501.00,58.00,30.10,45.00
20190927001019,504.00,58.00,30.20,46.00
20190927001119,501.00,58.00,30.10,46.00
20190927001219,499.00,58.00,30.20,45.00
20190927001319,505.00,58.00,30.20,46.00
20190927001419,513.00,58.00,30.10,45.00
20190927001519,507.00,58.00,30.20,45.00
20190927001619,513.00,58.00,30.20,45.00
20190927001719,504.00,58.00,30.20,44.00
20190927001819,508.00,58.00,30.20,44.00
20190927001919,510.00,58.00,30.20,45.00
20190927002019,507.00,58.00,30.20,45.00
20190927002119,511.00,58.00,30.10,45.00
20190927002219,498.00,58.00,30.20,44.00
20190927002319,499.00,58.00,30.10,44.00
20190927002420,493.00,58.00,30.10,44.00
20190927002520,496.00,58.00,30.10,44.00
20190927002620,499.00,58.00,30.10,43.00
20190927002720,499.00,58.00,30.10,44.00
20190927002820,502.00,58.00,30.00,45.00
20190927002920,505.00,58.00,30.10,44.00
20190927003020,497.00,58.00,30.10,43.00
20190927003120,501.00,58.00,30.10,43.00
20190927003220,492.00,58.00,30.10,44.00
20190927003320,488.00,58.00,30.10,44.00
20190927003420,499.00,58.00,30.10,45.00
20190927003520,499.00,58.00,30.10,45.00
20190927003620,494.00,58.00,30.10,45.00
20190927003720,495.00,58.00,30.20,45.00
20190927003820,499.00,58.00,30.10,46.00
20190927003920,502.00,58.00,30.10,45.00
20190927004021,503.00,58.00,30.20,45.00
20190927004121,497.00,58.00,30.10,45.00
20190927004221,493.00,58.00,30.10,45.00
20190927004321,491.00,58.00,30.10,45.00
20190927004421,490.00,58.00,30.20,45.00
20190927004521,491.00,58.00,30.10,45.00
20190927004621,493.00,58.00,30.10,45.00
20190927004721,490.00,58.00,30.10,45.00
20190927004821,494.00,58.00,30.10,45.00
20190927004921,508.00,58.00,30.20,45.00
20190927005021,505.00,58.00,30.20,45.00
20190927005121,506.00,58.00,30.20,45.00
20190927005221,492.00,58.00,30.10,45.00
20190927005321,494.00,58.00,30.00,44.00
20190927005421,495.00,58.00,30.10,44.00
20190927005521,492.00,58.00,30.00,43.00
20190927005621,498.00,58.00,30.10,45.00
20190927005721,495.00,58.00,30.10,45.00
20190927005822,496.00,58.00,30.10,44.00
20190927005922,490.00,58.00,30.10,44.00
20190927010022,490.00,58.00,30.10,44.00
20190927010122,489.00,58.00,30.10,45.00
20190927010222,488.00,58.00,30.10,45.00
20190927010322,496.00,58.00,30.10,45.00
20190927010422,493.00,58.00,30.20,45.00
20190927010522,487.00,58.00,30.20,45.00
20190927010622,487.00,58.00,30.10,45.00
20190927010722,493.00,58.00,30.10,45.00
20190927010822,495.00,58.00,30.10,44.00
20190927010922,497.00,58.00,30.10,45.00
20190927011022,495.00,58.00,30.10,45.00
20190927011122,492.00,58.00,30.10,44.00
20190927011222,500.00,58.00,30.10,44.00
20190927011322,500.00,58.00,30.10,43.00
20190927011423,495.00,58.00,30.00,43.00
20190927011523,489.00,59.00,30.10,44.00
20190927011623,489.00,58.00,30.10,44.00
20190927011723,484.00,58.00,30.10,44.00
20190927011823,487.00,58.00,30.10,45.00
20190927011923,485.00,58.00,30.20,45.00
20190927012023,479.00,58.00,30.20,44.00
20190927012123,479.00,58.00,30.20,45.00
20190927012223,471.00,58.00,30.10,45.00
20190927012323,473.00,58.00,30.10,45.00
20190927012423,481.00,58.00,30.10,45.00
20190927012523,485.00,58.00,30.10,46.00
20190927012623,489.00,58.00,30.10,46.00
20190927012723,486.00,58.00,30.10,45.00
20190927012823,478.00,58.00,30.10,45.00
20190927012923,484.00,58.00,30.00,45.00
20190927013023,489.00,58.00,30.10,45.00
20190927013124,486.00,59.00,30.10,45.00
20190927013224,475.00,59.00,30.00,45.00
20190927013324,483.00,59.00,30.00,45.00
20190927013424,487.00,59.00,30.00,46.00
20190927013524,478.00,58.00,30.10,45.00
20190927013624,483.00,58.00,30.20,45.00
20190927013724,487.00,58.00,30.10,45.00
20190927013824,494.00,59.00,30.10,46.00
20190927013924,497.00,59.00,30.10,45.00
20190927014024,501.00,58.00,30.10,45.00
20190927014124,499.00,58.00,30.10,45.00
20190927014224,494.00,59.00,30.10,45.00
20190927014324,497.00,59.00,30.10,45.00
20190927014424,494.00,59.00,30.10,45.00
20190927014524,497.00,59.00,30.10,46.00
20190927014624,496.00,59.00,30.00,45.00
20190927014724,499.00,59.00,30.10,46.00
20190927014825,499.00,59.00,30.10,45.00
20190927014925,500.00,59.00,30.10,46.00
20190927015025,490.00,59.00,30.00,45.00
20190927015125,481.00,59.00,30.10,46.00
20190927015225,494.00,59.00,30.20,46.00
20190927015325,493.00,59.00,30.10,46.00
20190927015425,491.00,59.00,30.10,45.00
20190927015525,483.00,59.00,30.10,46.00
20190927015625,483.00,59.00,30.00,46.00
20190927015725,485.00,59.00,30.10,46.00
20190927015825,483.00,59.00,30.10,45.00
20190927015925,486.00,59.00,30.10,45.00
20190927020025,493.00,59.00,30.00,46.00
20190927020125,491.00,59.00,29.90,45.00
20190927020225,484.00,59.00,30.00,46.00
20190927020325,487.00,59.00,29.90,46.00
20190927020425,486.00,59.00,30.00,46.00
20190927020525,495.00,59.00,30.00,45.00
20190927020626,494.00,59.00,30.00,45.00
20190927020726,485.00,59.00,30.00,45.00
20190927020826,484.00,59.00,29.90,45.00
20190927020926,487.00,59.00,30.00,47.00
20190927021026,488.00,59.00,29.90,46.00
20190927021126,488.00,59.00,30.00,45.00
20190927021226,490.00,59.00,29.90,45.00
20190927021326,483.00,59.00,29.90,46.00
20190927021426,489.00,59.00,30.00,45.00
20190927021526,489.00,59.00,29.90,45.00
20190927021626,481.00,59.00,29.90,45.00
20190927021726,476.00,59.00,29.80,45.00
20190927021826,486.00,59.00,29.80,45.00
20190927021926,489.00,59.00,29.80,46.00
20190927022026,484.00,59.00,29.90,46.00
20190927022126,483.00,59.00,30.00,46.00
20190927022226,489.00,59.00,29.90,45.00
20190927022327,486.00,59.00,30.00,44.00
20190927022427,481.00,59.00,30.10,45.00
20190927022527,474.00,59.00,30.00,45.00
20190927022627,477.00,59.00,30.00,45.00
20190927022727,485.00,59.00,30.00,45.00
20190927022827,486.00,59.00,30.10,45.00
20190927022927,483.00,59.00,30.10,45.00
20190927023027,495.00,59.00,30.00,45.00
20190927023127,491.00,59.00,29.90,45.00
20190927023227,490.00,59.00,30.00,45.00
20190927023327,492.00,59.00,30.00,44.00
20190927023427,495.00,59.00,30.00,45.00
20190927023527,499.00,59.00,30.10,45.00
20190927023627,483.00,59.00,30.00,45.00
20190927023727,484.00,59.00,30.10,45.00
20190927023827,486.00,59.00,30.00,44.00
20190927023927,486.00,59.00,29.90,42.00
20190927024028,487.00,59.00,30.00,43.00
20190927024128,482.00,59.00,29.90,44.00
20190927024228,487.00,59.00,30.10,43.00
20190927024328,492.00,59.00,30.10,42.00
20190927024428,488.00,59.00,30.00,43.00
20190927024528,479.00,59.00,30.10,42.00
20190927024628,480.00,59.00,30.10,43.00
20190927024728,483.00,59.00,30.00,43.00
20190927024828,483.00,59.00,30.00,42.00
20190927024928,481.00,59.00,30.10,43.00
20190927025028,484.00,59.00,30.00,42.00
20190927025128,484.00,59.00,29.90,43.00
20190927025228,480.00,59.00,30.10,43.00
20190927025328,484.00,59.00,30.00,42.00
20190927025428,486.00,59.00,30.10,42.00
20190927025528,483.00,59.00,30.10,43.00
20190927025628,489.00,58.00,30.10,41.00
20190927025729,489.00,58.00,30.10,41.00
20190927025829,486.00,59.00,30.00,41.00
20190927025929,489.00,59.00,30.00,42.00
20190927030029,486.00,59.00,30.10,42.00
20190927030129,485.00,59.00,30.00,42.00
20190927030229,487.00,59.00,30.00,40.00
20190927030329,484.00,59.00,30.00,40.00
20190927030429,488.00,59.00,30.00,40.00
20190927030529,487.00,59.00,30.00,40.00
20190927030629,493.00,59.00,30.00,40.00
20190927030729,491.00,59.00,30.00,40.00
20190927030829,490.00,59.00,29.90,41.00
20190927030929,486.00,59.00,30.00,40.00
20190927031129,487.00,59.00,29.90,40.00
20190927031229,493.00,59.00,29.90,40.00
20190927031329,485.00,59.00,29.90,39.00
20190927031429,486.00,59.00,29.80,39.00
20190927031529,477.00,59.00,29.80,40.00
20190927031629,479.00,59.00,29.80,40.00
20190927031729,477.00,59.00,29.90,39.00
20190927031829,475.00,59.00,29.80,39.00
20190927031929,478.00,59.00,29.80,39.00
20190927032029,480.00,59.00,29.80,40.00
20190927032129,474.00,59.00,29.90,39.00
20190927032229,479.00,59.00,29.80,39.00
20190927032329,481.00,59.00,29.80,40.00
20190927032429,490.00,59.00,29.80,39.00
20190927032529,488.00,59.00,29.90,39.00
20190927032629,491.00,59.00,29.90,39.00
20190927032730,491.00,59.00,29.90,38.00
20190927032830,486.00,59.00,29.80,38.00
20190927032930,488.00,59.00,29.80,40.00
20190927033030,484.00,59.00,29.90,38.00
20190927033130,476.00,59.00,29.90,38.00
20190927033230,480.00,59.00,29.90,38.00
20190927033330,474.00,59.00,29.90,38.00
20190927033430,480.00,59.00,30.00,38.00
20190927033530,482.00,59.00,29.90,39.00
20190927033630,479.00,59.00,30.00,37.00
20190927033730,482.00,59.00,29.90,38.00
20190927033830,484.00,59.00,29.90,37.00
20190927033930,487.00,59.00,29.90,36.00
20190927034030,485.00,59.00,29.90,36.00
20190927034130,490.00,59.00,29.80,36.00
20190927034230,484.00,59.00,29.90,37.00
20190927034330,479.00,59.00,29.80,37.00
20190927034431,482.00,59.00,29.90,36.00
20190927034531,485.00,59.00,29.90,36.00
20190927034631,480.00,59.00,29.90,35.00
20190927034731,481.00,59.00,29.80,35.00
20190927034831,481.00,59.00,29.90,35.00
20190927034931,481.00,59.00,29.90,35.00
20190927035031,483.00,59.00,29.90,35.00
20190927035131,486.00,59.00,29.90,35.00
20190927035231,484.00,59.00,29.90,36.00
20190927035331,482.00,59.00,29.90,35.00
20190927035431,481.00,59.00,29.90,34.00
20190927035531,478.00,59.00,29.90,34.00
20190927035631,476.00,59.00,29.90,34.00
20190927035731,486.00,59.00,29.90,35.00
20190927035831,489.00,59.00,29.90,33.00
20190927035931,486.00,59.00,29.90,33.00
20190927040031,490.00,59.00,29.90,34.00
20190927040132,482.00,59.00,29.90,32.00
20190927040232,481.00,59.00,29.90,33.00
20190927040332,478.00,59.00,29.90,33.00
20190927040432,483.00,59.00,29.80,33.00
20190927040532,485.00,59.00,29.90,33.00
20190927040632,490.00,59.00,29.90,33.00
20190927040732,485.00,59.00,30.00,33.00
20190927040832,472.00,59.00,29.90,33.00
20190927040932,472.00,59.00,29.90,33.00
20190927041032,473.00,59.00,29.90,33.00
20190927041132,476.00,59.00,30.00,32.00
20190927041232,471.00,59.00,29.90,32.00
20190927041332,475.00,59.00,29.90,31.00
20190927041432,472.00,59.00,29.90,31.00
20190927041532,483.00,59.00,29.80,32.00
20190927041632,486.00,59.00,29.90,32.00
20190927041732,475.00,59.00,29.90,32.00
20190927041832,476.00,59.00,29.90,32.00
20190927041933,479.00,59.00,29.90,31.00
20190927042033,478.00,59.00,29.90,30.00
20190927042133,479.00,59.00,29.80,30.00
20190927042233,485.00,59.00,29.80,31.00
20190927042333,483.00,60.00,29.80,31.00
20190927042433,476.00,59.00,29.80,30.00
20190927042533,486.00,59.00,29.80,31.00
20190927042633,478.00,59.00,29.80,31.00
20190927042733,478.00,59.00,29.80,30.00
20190927042833,475.00,59.00,29.80,31.00
20190927042933,476.00,59.00,29.80,30.00
20190927043033,477.00,59.00,29.90,30.00
20190927043133,482.00,59.00,29.80,32.00
20190927043233,487.00,59.00,29.90,30.00
20190927043333,481.00,59.00,29.90,30.00
20190927043433,482.00,59.00,29.90,30.00
20190927043533,481.00,59.00,29.90,32.00
20190927043634,476.00,59.00,29.90,30.00
20190927043734,478.00,59.00,29.90,29.00
20190927043834,475.00,59.00,29.90,30.00
20190927043934,474.00,59.00,29.90,30.00
20190927044034,473.00,59.00,29.90,29.00
20190927044134,481.00,59.00,29.90,30.00
20190927044234,470.00,59.00,29.80,29.00
20190927044334,478.00,59.00,29.80,29.00
20190927044434,479.00,59.00,29.80,30.00
20190927044534,483.00,59.00,29.80,28.00
20190927044634,481.00,59.00,29.90,28.00
20190927044734,475.00,59.00,29.80,28.00
20190927044834,471.00,59.00,29.80,28.00
20190927044934,473.00,59.00,29.80,28.00
20190927045034,464.00,59.00,29.80,30.00
20190927045134,465.00,59.00,29.90,29.00
20190927045234,474.00,59.00,29.80,29.00
20190927045335,476.00,59.00,29.90,28.00
20190927045435,475.00,59.00,29.80,28.00
20190927045535,475.00,59.00,29.80,28.00
20190927045635,478.00,59.00,29.80,28.00
20190927045735,476.00,59.00,29.80,29.00
20190927045835,480.00,59.00,29.80,28.00
20190927045935,469.00,59.00,29.80,28.00
20190927050035,477.00,59.00,29.80,29.00
20190927050135,479.00,59.00,29.80,28.00
20190927050235,469.00,59.00,29.80,28.00
20190927050335,472.00,59.00,29.80,28.00
20190927050435,475.00,59.00,29.80,27.00
20190927050535,474.00,59.00,29.80,28.00
20190927050635,480.00,59.00,29.80,28.00
20190927050735,477.00,59.00,29.80,27.00
20190927050835,467.00,59.00,29.80,28.00
20190927050935,473.00,59.00,29.80,28.00
20190927051036,476.00,59.00,29.80,26.00
20190927051136,477.00,59.00,29.80,28.00
20190927051236,475.00,59.00,29.70,28.00
20190927051336,465.00,59.00,29.80,28.00
20190927051436,474.00,59.00,29.80,28.00
20190927051536,474.00,59.00,29.80,28.00
20190927051636,470.00,59.00,29.80,29.00
20190927051736,465.00,59.00,29.80,27.00
20190927051836,474.00,59.00,29.80,27.00
20190927051936,475.00,59.00,29.80,26.00
20190927052036,469.00,59.00,29.80,27.00
20190927052136,470.00,59.00,29.80,28.00
20190927052236,474.00,59.00,29.80,26.00
20190927052336,479.00,59.00,29.80,27.00
20190927052436,474.00,59.00,29.80,26.00
20190927052536,473.00,59.00,29.70,28.00
20190927052636,468.00,59.00,29.80,27.00
20190927052737,462.00,59.00,29.80,28.00
20190927052837,466.00,59.00,29.80,26.00
20190927052937,471.00,59.00,29.70,26.00
20190927053037,478.00,59.00,29.80,26.00
20190927053137,473.00,59.00,29.90,26.00
20190927053237,473.00,59.00,29.70,28.00
20190927053337,462.00,59.00,29.80,28.00
20190927053437,455.00,59.00,29.90,26.00
20190927053537,460.00,59.00,29.80,26.00
20190927053637,466.00,59.00,29.80,27.00
20190927053737,467.00,59.00,29.90,27.00
20190927053837,471.00,59.00,29.80,26.00
20190927053937,473.00,59.00,29.90,25.00
20190927054037,465.00,59.00,29.90,25.00
20190927054137,465.00,59.00,29.80,26.00
20190927054237,472.00,59.00,29.80,26.00
20190927054337,477.00,59.00,29.80,25.00
20190927054438,475.00,59.00,29.80,25.00
20190927054538,477.00,59.00,29.80,26.00
20190927054638,482.00,59.00,29.90,25.00
20190927054738,478.00,59.00,29.80,26.00
20190927054838,482.00,59.00,29.80,25.00
20190927054938,481.00,59.00,29.80,24.00
20190927055038,475.00,59.00,29.80,24.00
20190927055138,480.00,59.00,29.80,23.00
20190927055238,477.00,59.00,29.70,24.00
20190927055338,471.00,59.00,29.80,24.00
20190927055438,462.00,59.00,29.70,24.00
20190927055538,462.00,59.00,29.80,24.00
20190927055638,463.00,59.00,29.80,23.00
20190927055738,466.00,59.00,29.80,25.00
20190927055838,462.00,59.00,29.80,23.00
20190927055938,455.00,59.00,29.80,23.00
20190927060038,460.00,59.00,29.80,25.00
20190927060139,468.00,59.00,29.80,23.00
20190927060239,471.00,59.00,29.80,24.00
20190927060339,469.00,59.00,29.80,23.00
20190927060439,469.00,59.00,29.80,23.00
20190927060539,458.00,59.00,29.70,23.00
20190927060639,461.00,59.00,29.70,23.00
20190927060739,469.00,59.00,29.80,24.00
20190927060839,472.00,59.00,29.80,23.00
20190927060939,460.00,59.00,29.70,23.00
20190927061039,460.00,59.00,29.70,23.00
20190927061139,463.00,60.00,29.80,24.00
20190927061239,470.00,59.00,29.80,23.00
20190927061339,462.00,59.00,29.70,23.00
20190927061439,467.00,59.00,29.70,23.00
20190927061539,464.00,59.00,29.70,23.00
20190927061639,465.00,60.00,29.60,23.00
20190927061739,462.00,60.00,29.60,23.00
20190927061839,467.00,60.00,29.60,23.00
20190927061940,467.00,60.00,29.60,24.00
20190927062040,468.00,60.00,29.60,24.00
20190927062140,473.00,60.00,29.60,23.00
20190927062240,470.00,59.00,29.70,25.00
20190927062340,468.00,60.00,29.70,24.00
20190927062440,469.00,59.00,29.80,23.00
20190927062540,463.00,59.00,29.70,23.00
20190927062640,465.00,60.00,29.70,23.00
20190927062740,463.00,59.00,29.70,24.00
20190927062840,472.00,60.00,29.70,23.00
20190927062940,475.00,60.00,29.60,23.00
20190927063040,472.00,60.00,29.60,23.00
20190927063140,469.00,60.00,29.60,24.00
20190927063240,475.00,60.00,29.70,25.00
20190927063340,473.00,59.00,29.70,24.00
20190927063440,478.00,59.00,29.70,24.00
20190927063540,471.00,59.00,29.80,24.00
20190927063641,471.00,59.00,29.80,23.00
20190927063741,473.00,59.00,29.70,23.00
20190927063841,465.00,60.00,29.60,23.00
20190927063941,470.00,59.00,29.70,23.00
20190927064041,476.00,60.00,29.70,23.00
20190927064141,473.00,59.00,29.70,23.00
20190927064241,470.00,59.00,29.70,22.00
20190927064341,467.00,60.00,29.70,23.00
20190927064441,465.00,59.00,29.60,23.00
20190927064541,463.00,59.00,29.60,23.00
20190927064641,470.00,59.00,29.60,24.00
20190927064741,467.00,59.00,29.70,23.00
20190927064841,471.00,60.00,29.60,23.00
20190927064941,470.00,60.00,29.60,22.00
20190927065041,466.00,60.00,29.60,23.00
20190927065141,468.00,60.00,29.60,23.00
20190927065241,465.00,60.00,29.60,23.00
20190927065342,474.00,59.00,29.60,23.00
20190927065442,473.00,59.00,29.60,25.00
20190927065542,477.00,59.00,29.60,23.00
20190927065642,474.00,59.00,29.70,24.00
20190927065742,473.00,60.00,29.60,25.00
20190927065842,471.00,59.00,29.70,23.00
20190927065942,469.00,59.00,29.70,23.00
20190927070042,470.00,59.00,29.70,23.00
20190927070142,474.00,59.00,29.60,23.00
20190927070242,475.00,59.00,29.60,23.00
20190927070342,470.00,59.00,29.60,23.00
20190927070442,469.00,60.00,29.50,23.00
20190927070542,464.00,60.00,29.50,22.00
20190927070642,464.00,60.00,29.50,22.00
20190927070742,464.00,60.00,29.50,23.00
20190927070842,460.00,60.00,29.50,23.00
20190927070942,462.00,60.00,29.60,24.00
20190927071043,462.00,59.00,29.60,24.00
20190927071143,474.00,59.00,29.60,23.00
20190927071243,473.00,59.00,29.60,23.00
20190927071343,463.00,59.00,29.60,23.00
20190927071443,467.00,59.00,29.60,23.00
20190927071543,473.00,59.00,29.60,23.00
20190927071643,472.00,59.00,29.60,23.00
20190927071743,475.00,59.00,29.60,23.00
20190927071843,470.00,59.00,29.60,24.00
20190927071943,471.00,59.00,29.60,22.00
20190927072043,470.00,59.00,29.60,23.00
20190927072143,468.00,59.00,29.60,23.00
20190927072243,464.00,59.00,29.60,23.00
20190927072343,466.00,59.00,29.60,23.00
20190927072443,475.00,59.00,29.60,23.00
20190927072543,479.00,59.00,29.60,23.00
20190927072643,477.00,59.00,29.60,23.00
20190927072744,472.00,59.00,29.60,22.00
20190927072844,468.00,59.00,29.60,23.00
20190927072944,471.00,59.00,29.60,23.00
20190927073044,464.00,59.00,29.60,23.00
20190927073144,475.00,59.00,29.60,23.00
20190927073244,471.00,59.00,29.50,23.00
20190927073344,468.00,59.00,29.60,23.00
20190927073444,469.00,59.00,29.60,22.00
20190927073544,473.00,59.00,29.60,21.00
20190927073644,470.00,59.00,29.60,22.00
20190927073744,471.00,59.00,29.60,23.00
20190927073844,466.00,59.00,29.60,23.00
20190927073944,478.00,59.00,29.70,23.00
20190927074044,475.00,59.00,29.70,23.00
20190927074144,472.00,59.00,29.60,22.00
20190927074244,476.00,59.00,29.60,22.00
20190927074344,478.00,59.00,29.60,22.00
20190927074445,481.00,59.00,29.60,22.00
20190927074545,472.00,59.00,29.60,22.00
20190927074645,472.00,59.00,29.60,21.00
20190927074745,471.00,59.00,29.50,22.00
20190927074845,475.00,59.00,29.60,21.00
20190927074945,469.00,59.00,29.60,23.00
20190927075045,470.00,59.00,29.60,23.00
20190927075145,464.00,59.00,29.60,22.00
20190927075245,471.00,59.00,29.60,23.00
20190927075345,464.00,59.00,29.60,23.00
20190927075445,468.00,59.00,29.60,23.00
20190927075545,465.00,59.00,29.60,23.00
20190927075645,462.00,59.00,29.70,23.00
20190927075745,467.00,59.00,29.70,23.00
20190927075845,474.00,59.00,29.70,23.00
20190927075945,459.00,59.00,29.70,23.00
20190927080045,471.00,59.00,29.70,22.00
20190927080146,470.00,59.00,29.60,23.00
20190927080246,464.00,59.00,29.60,22.00
20190927080346,464.00,59.00,29.60,21.00
20190927080446,468.00,59.00,29.60,22.00
20190927080546,465.00,59.00,29.60,23.00
20190927080646,460.00,59.00,29.60,22.00
20190927080746,466.00,59.00,29.60,23.00
20190927080846,470.00,59.00,29.60,22.00
20190927080946,472.00,59.00,29.70,22.00
20190927081046,474.00,59.00,29.60,22.00
20190927081146,473.00,59.00,29.60,22.00
20190927081246,467.00,59.00,29.50,22.00
20190927081346,466.00,59.00,29.60,22.00
20190927081446,468.00,59.00,29.60,22.00
20190927081546,471.00,59.00,29.60,21.00
20190927081646,470.00,59.00,29.60,21.00
20190927081746,468.00,59.00,29.60,21.00
20190927081847,474.00,59.00,29.60,22.00
20190927081947,479.00,59.00,29.60,22.00
20190927082047,476.00,59.00,29.70,21.00
20190927082147,473.00,59.00,29.60,21.00
20190927082247,467.00,59.00,29.60,21.00
20190927082347,464.00,59.00,29.60,21.00
20190927082447,467.00,59.00,29.60,21.00
20190927082547,472.00,59.00,29.60,21.00
20190927082647,479.00,59.00,29.60,21.00
20190927082747,478.00,60.00,29.60,21.00
20190927082847,482.00,60.00,29.60,20.00
20190927082947,479.00,60.00,29.60,20.00
20190927083047,472.00,60.00,29.50,22.00
20190927083147,461.00,60.00,29.50,21.00
20190927083247,473.00,60.00,29.60,21.00
20190927083347,485.00,60.00,29.60,21.00
20190927083447,482.00,60.00,29.60,21.00
20190927083547,478.00,59.00,29.60,21.00
20190927083648,477.00,59.00,29.50,22.00
20190927083748,473.00,59.00,29.60,21.00
20190927083848,476.00,59.00,29.60,20.00
20190927083948,476.00,59.00,29.60,21.00
20190927084048,472.00,59.00,29.60,20.00
20190927084148,477.00,59.00,29.60,19.00
20190927084248,479.00,60.00,29.60,21.00
20190927084348,483.00,60.00,29.50,20.00
20190927084448,473.00,60.00,29.50,20.00
20190927084548,474.00,60.00,29.60,20.00
20190927084648,475.00,60.00,29.50,20.00
20190927084748,473.00,60.00,29.60,20.00
20190927084848,473.00,60.00,29.60,20.00
20190927084948,477.00,60.00,29.50,20.00
20190927085048,472.00,60.00,29.50,20.00
20190927085148,470.00,60.00,29.50,20.00
20190927085248,467.00,60.00,29.50,19.00
20190927085349,476.00,60.00,29.60,20.00
20190927085449,476.00,60.00,29.50,19.00
20190927085549,472.00,60.00,29.60,21.00
20190927085649,470.00,60.00,29.60,20.00
20190927085749,475.00,60.00,29.50,19.00
20190927085849,470.00,60.00,29.50,19.00
20190927085949,480.00,60.00,29.50,20.00
20190927090049,476.00,60.00,29.60,20.00
20190927090149,479.00,60.00,29.60,20.00
20190927090249,465.00,60.00,29.60,21.00
20190927090349,459.00,60.00,29.60,20.00
20190927090449,469.00,60.00,29.60,19.00
20190927090549,467.00,60.00,29.50,19.00
20190927090649,476.00,60.00,29.50,20.00
20190927090749,477.00,60.00,29.50,19.00
20190927090849,481.00,60.00,29.40,19.00
20190927090949,486.00,60.00,29.50,19.00
20190927091050,483.00,60.00,29.40,21.00
20190927091150,480.00,60.00,29.50,21.00
20190927091250,482.00,60.00,29.50,19.00
20190927091350,477.00,60.00,29.50,20.00
20190927091450,481.00,60.00,29.50,20.00
20190927091550,480.00,60.00,29.40,20.00
20190927091650,488.00,60.00,29.60,20.00
20190927091750,484.00,60.00,29.50,20.00
20190927091850,487.00,60.00,29.60,20.00
20190927091950,481.00,60.00,29.60,19.00
20190927092050,474.00,60.00,29.50,19.00
20190927092150,467.00,60.00,29.50,20.00
20190927092250,466.00,60.00,29.40,20.00
20190927092350,464.00,60.00,29.40,19.00
20190927092450,470.00,60.00,29.40,19.00
20190927092550,471.00,60.00,29.40,19.00
20190927092650,474.00,60.00,29.40,19.00
20190927092751,471.00,60.00,29.40,20.00
20190927092851,470.00,60.00,29.40,20.00
20190927092951,472.00,60.00,29.40,20.00
20190927093106,469.00,60.00,29.40,19.00
20190927093206,476.00,60.00,29.40,20.00
20190927093306,471.00,60.00,29.40,19.00
20190927093406,470.00,60.00,29.40,19.00
20190927093506,468.00,60.00,29.30,21.00
20190927093606,469.00,60.00,29.40,20.00
20190927093706,463.00,60.00,29.40,20.00
20190927093806,472.00,60.00,29.40,20.00
20190927093906,465.00,60.00,29.40,20.00
20190927094006,468.00,60.00,29.40,20.00
20190927094106,469.00,60.00,29.40,20.00
20190927094206,463.00,60.00,29.40,19.00
20190927094306,470.00,60.00,29.40,20.00
20190927094406,466.00,60.00,29.30,21.00
20190927094507,460.00,60.00,29.40,20.00
20190927094607,466.00,60.00,29.40,20.00
20190927094707,467.00,60.00,29.40,20.00
20190927094807,469.00,60.00,29.40,20.00
20190927094907,467.00,60.00,29.40,20.00
20190927095007,470.00,60.00,29.30,20.00
20190927095107,473.00,60.00,29.30,21.00
20190927095207,468.00,60.00,29.40,21.00
20190927095307,476.00,60.00,29.40,21.00
20190927095407,482.00,60.00,29.40,20.00
20190927095507,474.00,60.00,29.40,22.00
20190927095607,477.00,60.00,29.40,21.00
20190927095707,476.00,60.00,29.40,20.00
20190927095807,479.00,60.00,29.40,21.00
20190927095908,478.00,60.00,29.40,21.00
20190927100007,474.00,60.00,29.40,21.00
20190927100107,476.00,60.00,29.40,20.00
20190927100207,480.00,60.00,29.40,21.00
20190927100308,477.00,60.00,29.50,22.00
20190927100408,477.00,60.00,29.40,22.00
20190927100508,482.00,60.00,29.50,21.00
20190927100608,478.00,60.00,29.40,21.00
20190927100708,478.00,60.00,29.40,21.00
20190927100808,485.00,60.00,29.40,21.00
20190927100908,476.00,60.00,29.40,22.00
20190927101008,483.00,60.00,29.40,21.00
20190927101108,480.00,60.00,29.40,21.00
20190927101208,479.00,60.00,29.40,21.00
20190927101308,479.00,60.00,29.40,22.00
20190927101408,475.00,60.00,29.40,21.00
20190927101508,477.00,60.00,29.40,23.00
20190927101608,472.00,60.00,29.40,22.00
20190927101708,484.00,60.00,29.50,22.00
20190927101808,481.00,60.00,29.40,22.00
20190927101908,486.00,60.00,29.40,23.00
20190927102009,483.00,60.00,29.30,23.00
20190927102109,479.00,60.00,29.40,23.00
20190927102209,484.00,60.00,29.40,22.00
20190927102309,483.00,60.00,29.40,23.00
20190927102409,480.00,60.00,29.40,23.00
20190927102509,476.00,60.00,29.40,23.00
20190927102609,476.00,60.00,29.30,23.00
20190927102709,474.00,60.00,29.40,24.00
20190927102809,474.00,60.00,29.40,23.00
20190927102909,475.00,60.00,29.40,25.00
20190927103009,480.00,59.00,29.40,25.00
20190927103109,483.00,59.00,29.40,23.00
20190927103209,497.00,58.00,29.40,25.00
20190927103309,504.00,59.00,29.40,25.00
20190927103409,504.00,59.00,29.40,24.00
20190927103509,502.00,59.00,29.50,25.00
20190927103609,502.00,59.00,29.50,25.00
20190927103710,495.00,59.00,29.40,25.00
20190927103810,494.00,60.00,29.40,25.00
20190927103910,489.00,59.00,29.50,25.00
20190927104010,480.00,59.00,29.40,23.00
20190927104110,473.00,60.00,29.40,23.00
20190927104210,477.00,60.00,29.40,25.00
20190927104310,485.00,60.00,29.40,23.00
20190927104410,477.00,60.00,29.30,46.00
20190927104510,484.00,60.00,29.30,110.00
20190927104610,495.00,60.00,29.40,100.00
20190927104710,497.00,61.00,29.30,76.00
20190927104810,501.00,61.00,29.30,63.00
20190927104910,503.00,62.00,29.30,58.00
20190927105010,500.00,62.00,29.30,51.00
20190927105110,496.00,61.00,29.40,53.00
20190927105210,500.00,61.00,29.30,122.00
20190927105310,503.00,59.00,29.20,507.00
20190927105411,513.00,63.00,29.20,225.00
20190927105511,515.00,63.00,29.30,189.00
20190927105611,507.00,63.00,29.30,165.00
20190927105711,517.00,62.00,29.30,155.00
20190927105811,520.00,61.00,29.40,141.00
20190927105911,527.00,62.00,29.40,126.00
20190927110011,527.00,61.00,29.30,135.00
20190927110111,526.00,63.00,29.20,130.00
20190927110211,521.00,63.00,29.20,122.00
20190927110311,520.00,62.00,29.20,114.00
20190927110411,514.00,61.00,29.10,104.00
20190927110511,509.00,62.00,28.90,81.00
20190927110611,508.00,63.00,28.70,89.00
20190927110711,508.00,64.00,28.90,93.00
20190927110811,502.00,67.00,28.80,167.00
20190927110911,537.00,67.00,28.60,378.00
20190927111012,529.00,66.00,28.50,349.00
20190927111112,529.00,66.00,28.20,294.00
20190927111212,508.00,65.00,27.90,355.00
20190927111312,498.00,65.00,27.60,392.00
20190927111412,544.00,65.00,27.40,366.00
20190927111512,531.00,64.00,27.10,349.00
20190927111612,524.00,64.00,26.90,328.00
20190927111712,526.00,64.00,26.80,294.00
20190927111812,526.00,64.00,26.60,281.00
20190927111912,517.00,63.00,26.60,272.00
20190927112012,520.00,63.00,26.60,272.00
20190927112112,522.00,63.00,26.50,289.00
20190927112212,522.00,63.00,26.30,248.00
20190927112312,530.00,64.00,26.20,225.00
20190927112412,528.00,64.00,26.30,218.00
20190927112513,517.00,63.00,26.30,209.00
20190927112612,515.00,63.00,26.40,261.00
20190927112713,517.00,62.00,26.30,281.00
20190927112813,524.00,62.00,26.60,285.00
20190927112913,534.00,64.00,26.90,400.00
20190927113013,540.00,63.00,26.90,298.00
20190927113113,544.00,65.00,27.00,333.00
20190927113213,547.00,64.00,27.10,338.00
20190927113351,547.00,63.00,27.20,269.00
20190927113451,546.00,62.00,27.60,238.00
20190927113551,552.00,62.00,27.70,248.00
20190927113651,553.00,60.00,27.80,167.00
20190927113751,547.00,62.00,27.90,177.00
20190927113851,547.00,61.00,27.80,126.00
20190927113951,546.00,64.00,27.80,149.00
20190927114051,541.00,62.00,27.90,147.00
20190927114151,545.00,61.00,28.00,134.00
20190927114251,541.00,61.00,27.90,128.00
20190927114351,535.00,61.00,27.90,125.00
20190927114451,541.00,60.00,27.90,86.00
20190927114552,536.00,62.00,28.20,86.00
20190927114652,535.00,62.00,28.30,89.00
20190927114752,533.00,63.00,28.20,82.00
20190927114852,539.00,63.00,28.20,60.00
20190927114952,533.00,64.00,28.10,40.00
20190927115052,507.00,65.00,28.00,42.00
20190927115152,500.00,65.00,27.90,58.00
20190927115252,500.00,64.00,27.90,76.00
20190927115352,495.00,62.00,28.10,74.00
20190927115452,494.00,62.00,28.00,83.00
20190927115552,499.00,60.00,27.90,73.00
20190927115652,500.00,61.00,27.90,86.00
20190927115752,499.00,59.00,27.90,90.00
20190927115852,505.00,59.00,27.90,76.00
20190927115952,503.00,59.00,27.80,54.00
20190927120052,506.00,61.00,27.80,58.00
20190927120152,503.00,60.00,27.70,47.00
20190927120252,500.00,61.00,27.90,46.00
20190927120353,500.00,63.00,28.00,44.00
20190927120453,507.00,60.00,27.90,40.00
20190927120553,509.00,60.00,27.90,36.00
20190927120653,512.00,61.00,27.90,35.00
20190927120753,509.00,62.00,27.90,35.00
20190927120853,502.00,61.00,28.20,34.00
20190927120953,504.00,61.00,28.20,32.00
20190927121053,510.00,62.00,28.10,25.00
20190927121153,511.00,64.00,28.00,28.00
20190927121253,514.00,63.00,27.90,30.00
20190927121353,517.00,63.00,27.90,38.00
20190927121453,518.00,63.00,27.90,38.00
20190927121553,530.00,63.00,27.90,42.00
20190927121653,531.00,61.00,27.90,53.00
20190927121753,536.00,60.00,27.80,50.00
20190927121853,543.00,59.00,27.80,39.00
20190927121954,534.00,60.00,27.80,45.00
20190927122054,536.00,59.00,27.80,38.00
20190927122154,531.00,59.00,27.90,43.00
20190927122254,528.00,58.00,27.90,42.00
20190927122354,526.00,57.00,27.80,42.00
20190927122454,523.00,57.00,27.90,39.00
20190927122554,522.00,57.00,27.90,35.00
20190927122654,520.00,58.00,27.90,23.00
20190927122754,517.00,62.00,28.10,22.00
20190927122854,506.00,61.00,28.10,26.00
20190927122954,515.00,59.00,28.10,20.00
20190927123054,501.00,60.00,28.10,26.00
20190927123154,505.00,59.00,28.10,26.00
20190927123254,510.00,60.00,28.20,24.00
20190927123354,501.00,59.00,28.20,24.00
20190927123454,500.00,60.00,28.20,21.00
20190927123554,500.00,61.00,28.20,12.00
20190927123655,502.00,62.00,28.20,9.00
20190927123755,502.00,63.00,28.10,16.00
20190927123855,503.00,62.00,28.10,22.00
20190927123955,506.00,60.00,28.20,17.00
20190927124055,513.00,59.00,28.20,20.00
20190927124155,513.00,58.00,28.20,25.00
20190927124255,518.00,59.00,28.10,24.00
20190927124355,519.00,58.00,28.20,23.00
20190927124455,529.00,57.00,28.20,19.00
20190927124555,534.00,58.00,28.20,21.00
20190927124655,529.00,59.00,28.20,20.00
20190927124755,529.00,59.00,28.20,15.00
20190927124855,532.00,58.00,28.30,19.00
20190927124955,521.00,59.00,28.40,21.00
20190927125055,512.00,56.00,28.30,20.00
20190927125155,522.00,58.00,28.30,17.00
20190927125255,520.00,55.00,28.20,12.00
20190927125356,521.00,58.00,28.10,15.00
20190927125456,520.00,57.00,28.20,13.00
20190927125556,523.00,57.00,28.20,14.00
20190927125656,522.00,58.00,28.20,14.00
20190927125756,517.00,56.00,28.20,13.00
20190927125856,515.00,56.00,28.10,15.00
20190927125956,512.00,56.00,28.20,17.00
20190927130056,513.00,56.00,28.30,15.00
20190927130156,521.00,54.00,28.50,12.00
20190927130256,512.00,55.00,28.50,11.00
20190927130356,518.00,56.00,28.60,12.00
20190927130456,516.00,55.00,28.30,12.00
20190927130557,515.00,55.00,28.30,12.00
20190927130656,505.00,54.00,28.20,12.00
20190927130756,507.00,54.00,28.20,12.00
20190927130856,504.00,55.00,28.20,12.00
20190927130956,513.00,57.00,28.40,7.00
20190927131057,509.00,55.00,28.50,8.00
20190927131157,511.00,55.00,28.30,10.00
20190927131257,518.00,54.00,28.30,7.00
20190927131357,511.00,54.00,28.20,7.00
20190927131457,513.00,54.00,28.20,7.00
20190927131557,511.00,55.00,28.30,3.00
20190927131657,503.00,55.00,28.30,5.00
20190927131757,501.00,55.00,28.20,5.00
20190927131857,501.00,54.00,28.20,2.00
20190927131957,502.00,59.00,28.20,9.00
20190927132057,496.00,58.00,28.60,7.00
20190927132157,492.00,59.00,28.60,2.00
20190927132257,500.00,57.00,28.60,10.00
20190927132357,507.00,55.00,28.50,7.00
20190927132457,505.00,55.00,28.60,9.00
20190927132557,503.00,54.00,28.50,15.00
20190927132657,507.00,54.00,28.40,9.00
20190927132758,508.00,57.00,28.30,7.00
20190927132858,509.00,56.00,28.40,5.00
20190927132958,509.00,55.00,28.30,3.00
20190927133058,512.00,55.00,28.30,8.00
20190927133158,502.00,54.00,28.20,7.00
20190927133258,506.00,54.00,28.20,10.00
20190927133358,506.00,54.00,28.20,11.00
20190927133458,505.00,54.00,28.20,12.00
20190927133558,513.00,54.00,28.30,14.00
20190927133658,515.00,54.00,28.20,16.00
20190927133758,520.00,53.00,28.30,14.00
20190927133858,522.00,53.00,28.20,10.00
20190927133958,518.00,54.00,28.20,5.00
20190927134058,515.00,54.00,28.20,7.00
20190927134159,519.00,53.00,28.10,7.00
20190927134258,519.00,54.00,28.10,9.00
20190927134358,525.00,53.00,28.10,9.00
20190927134459,521.00,54.00,28.20,7.00
20190927134559,510.00,53.00,28.20,8.00
20190927134659,509.00,53.00,28.30,7.00
20190927134759,501.00,53.00,28.20,5.00
20190927134859,501.00,52.00,28.20,6.00
20190927134959,501.00,53.00,28.20,8.00
20190927135059,494.00,53.00,28.30,9.00
20190927135159,505.00,54.00,28.70,10.00
20190927135259,500.00,54.00,28.70,8.00
20190927135359,498.00,55.00,28.90,7.00
20190927135459,493.00,52.00,28.90,8.00
20190927135559,488.00,55.00,28.80,8.00
20190927135659,499.00,54.00,28.80,5.00
20190927135759,494.00,54.00,28.90,3.00
20190927135859,490.00,54.00,28.90,7.00
20190927135959,487.00,55.00,28.90,5.00
20190927140059,485.00,53.00,28.80,5.00
20190927140200,478.00,53.00,28.80,1.00
20190927140300,479.00,53.00,28.50,0.00
20190927140400,477.00,53.00,28.30,5.00
20190927140500,481.00,53.00,28.20,2.00
20190927140600,488.00,53.00,28.20,4.00
20190927140700,484.00,53.00,28.30,4.00
20190927140800,483.00,53.00,28.20,2.00
20190927140900,483.00,53.00,28.30,2.00
20190927141000,486.00,53.00,28.40,4.00
20190927141100,482.00,53.00,28.30,1.00
20190927141200,479.00,53.00,28.30,3.00
20190927141300,480.00,53.00,28.30,8.00
20190927141400,485.00,52.00,28.20,3.00
20190927141500,488.00,53.00,28.20,2.00
20190927141600,487.00,53.00,28.20,5.00
20190927141700,491.00,53.00,28.30,5.00
20190927141800,490.00,54.00,28.30,6.00
20190927141901,490.00,54.00,28.50,5.00
20190927142001,493.00,54.00,28.50,8.00
20190927142101,501.00,54.00,28.30,3.00
20190927142201,503.00,56.00,28.40,5.00
20190927142301,507.00,56.00,28.40,9.00
20190927142401,497.00,56.00,28.30,3.00
20190927142501,496.00,58.00,28.30,11.00
20190927142601,497.00,58.00,28.50,5.00
20190927142701,491.00,58.00,28.60,4.00
20190927142801,489.00,59.00,28.70,3.00
20190927142901,492.00,58.00,28.60,8.00
20190927143001,483.00,58.00,28.70,4.00
20190927143101,484.00,59.00,28.70,4.00
20190927143201,486.00,59.00,28.60,5.00
20190927143301,488.00,59.00,28.80,10.00
20190927143401,496.00,59.00,28.70,7.00
20190927143501,501.00,59.00,28.60,10.00
20190927143602,501.00,59.00,28.70,12.00
20190927143702,503.00,59.00,28.60,9.00
20190927143802,509.00,59.00,28.70,13.00
20190927143902,508.00,59.00,28.60,13.00
20190927144002,516.00,59.00,28.70,22.00
20190927144102,524.00,59.00,28.60,19.00
20190927144202,529.00,58.00,28.80,17.00
20190927144302,522.00,58.00,28.80,14.00
20190927144402,516.00,59.00,28.80,16.00
20190927144502,522.00,59.00,28.80,15.00
20190927144602,519.00,59.00,28.90,19.00
20190927144702,518.00,60.00,29.10,17.00
20190927144802,513.00,59.00,29.10,15.00
20190927144902,512.00,60.00,29.10,12.00
20190927145002,509.00,59.00,29.30,10.00
20190927145102,519.00,58.00,29.30,7.00
20190927145202,515.00,60.00,29.20,10.00
20190927145303,518.00,59.00,29.20,8.00
20190927145403,531.00,59.00,29.20,13.00
20190927145503,531.00,59.00,29.10,13.00
20190927145603,522.00,60.00,29.20,11.00
20190927145703,518.00,60.00,29.20,9.00
20190927145803,520.00,60.00,29.10,10.00
20190927145903,530.00,59.00,29.10,11.00
20190927150003,535.00,59.00,29.10,9.00
20190927150103,533.00,59.00,29.10,8.00
20190927150203,530.00,60.00,29.10,8.00
20190927150303,531.00,59.00,29.20,10.00
20190927150403,533.00,60.00,29.10,8.00
20190927150503,530.00,60.00,29.20,24.00
20190927150603,542.00,58.00,29.10,26.00
20190927150703,551.00,59.00,29.10,23.00
20190927150803,554.00,60.00,29.00,20.00
20190927150903,557.00,59.00,28.90,22.00
20190927151004,568.00,58.00,28.90,19.00
20190927151104,589.00,57.00,29.20,22.00
20190927151204,591.00,57.00,29.30,21.00
20190927151304,597.00,56.00,29.50,23.00
20190927151404,611.00,55.00,29.60,25.00
20190927151504,624.00,56.00,29.60,21.00
20190927151604,621.00,57.00,29.40,20.00
20190927151704,616.00,57.00,29.30,24.00
20190927151804,614.00,57.00,29.30,23.00
20190927151904,618.00,58.00,29.30,25.00
20190927152004,616.00,58.00,29.40,22.00
20190927152104,604.00,57.00,29.60,15.00
20190927152204,595.00,57.00,29.40,10.00
20190927152304,582.00,57.00,29.40,6.00
20190927152404,566.00,58.00,29.30,5.00
20190927152505,552.00,59.00,29.30,3.00
20190927152604,542.00,59.00,29.30,10.00
20190927152705,534.00,58.00,29.40,9.00
20190927152805,515.00,58.00,29.40,8.00
20190927152905,512.00,58.00,29.40,15.00
20190927153005,522.00,58.00,29.40,15.00
20190927153105,533.00,57.00,29.40,18.00
20190927153205,539.00,58.00,29.30,16.00
20190927153305,538.00,57.00,29.30,13.00
20190927153405,532.00,58.00,29.30,14.00
20190927153505,524.00,58.00,29.40,12.00
20190927153605,524.00,58.00,29.40,12.00
20190927153705,521.00,58.00,29.40,0.00
20190927153805,519.00,58.00,29.50,6.00
20190927153905,515.00,59.00,29.40,15.00
20190927154005,521.00,59.00,29.50,11.00
20190927154105,526.00,58.00,29.50,11.00
20190927154205,523.00,58.00,29.50,11.00
20190927154305,519.00,58.00,29.60,12.00
20190927154406,524.00,57.00,29.60,14.00
20190927154506,528.00,58.00,29.50,15.00
20190927154606,522.00,58.00,29.50,14.00
20190927154706,525.00,58.00,29.40,20.00
20190927154806,529.00,58.00,29.40,21.00
20190927154906,525.00,58.00,29.40,18.00
20190927155006,536.00,58.00,29.40,23.00
20190927155106,533.00,58.00,29.30,21.00
20190927155206,533.00,58.00,29.50,22.00
20190927155306,536.00,57.00,29.40,21.00
20190927155406,538.00,58.00,29.40,19.00
20190927155506,528.00,57.00,29.60,16.00
20190927155606,525.00,58.00,29.60,17.00
20190927155706,523.00,57.00,29.60,21.00
20190927155806,529.00,58.00,29.40,15.00
20190927155906,520.00,58.00,29.30,26.00
20190927160006,515.00,58.00,29.30,15.00
20190927160106,522.00,57.00,29.40,17.00
20190927160207,528.00,57.00,29.40,17.00
20190927160307,532.00,57.00,29.40,20.00
20190927160407,535.00,58.00,29.40,21.00
20190927160507,534.00,58.00,29.50,25.00
20190927160607,529.00,57.00,29.50,23.00
20190927160707,537.00,57.00,29.60,23.00
20190927160807,540.00,57.00,29.50,28.00
20190927160907,538.00,58.00,29.60,23.00
20190927161007,536.00,57.00,29.70,21.00
20190927161107,536.00,57.00,29.70,33.00
20190927161207,544.00,56.00,29.80,34.00
20190927161307,551.00,56.00,29.70,30.00
20190927161407,552.00,56.00,29.70,31.00
20190927161507,555.00,55.00,29.80,33.00
20190927161607,557.00,55.00,29.70,30.00
20190927161707,554.00,56.00,29.70,30.00
20190927161808,560.00,56.00,29.70,26.00
20190927161908,555.00,56.00,29.70,30.00
20190927162008,559.00,55.00,29.60,30.00
20190927162108,569.00,54.00,29.70,30.00
20190927162208,569.00,54.00,29.70,28.00
20190927162308,570.00,55.00,29.40,29.00
20190927162408,572.00,55.00,29.40,27.00
20190927162508,572.00,56.00,29.30,32.00
20190927162608,576.00,55.00,29.40,32.00
20190927162708,576.00,55.00,29.50,29.00
20190927162808,572.00,54.00,29.60,29.00
20190927162908,574.00,54.00,29.50,27.00
20190927163008,576.00,53.00,29.50,27.00
20190927163108,577.00,54.00,29.40,26.00
20190927163208,577.00,54.00,29.30,26.00
20190927163308,579.00,55.00,29.30,23.00
20190927163408,580.00,55.00,29.20,30.00
20190927163508,589.00,54.00,29.30,30.00
20190927163609,599.00,54.00,29.50,24.00
20190927163709,590.00,53.00,29.60,32.00
20190927163809,590.00,54.00,29.70,32.00
20190927163909,599.00,53.00,29.80,33.00
20190927164009,597.00,53.00,29.80,30.00
20190927164109,602.00,53.00,29.90,26.00
20190927164209,564.00,54.00,29.80,21.00
20190927164309,559.00,54.00,29.70,25.00
20190927164409,567.00,55.00,29.60,27.00
20190927164509,560.00,56.00,29.60,27.00
20190927164609,551.00,56.00,29.60,24.00
20190927164709,547.00,56.00,29.60,23.00
20190927164809,534.00,55.00,29.70,21.00
20190927164909,518.00,56.00,29.60,18.00
20190927165009,515.00,56.00,29.50,15.00
20190927165109,526.00,56.00,29.50,17.00
20190927165210,527.00,55.00,29.60,20.00
20190927165310,529.00,55.00,29.60,26.00
20190927165410,527.00,54.00,29.70,23.00
20190927165510,536.00,55.00,29.60,21.00
20190927165610,537.00,55.00,29.60,25.00
20190927165710,546.00,55.00,29.70,23.00
20190927165810,546.00,55.00,29.70,25.00
20190927165910,551.00,56.00,29.60,30.00
20190927170010,551.00,56.00,29.70,31.00
20190927170110,544.00,55.00,29.60,29.00
20190927170210,543.00,56.00,29.60,29.00
20190927170310,542.00,55.00,29.80,23.00
20190927170410,539.00,54.00,29.70,22.00
20190927170510,534.00,54.00,29.60,21.00
20190927170610,534.00,53.00,29.60,25.00
20190927170716,534.00,53.00,29.60,27.00
20190927170810,534.00,54.00,29.60,29.00
20190927170910,537.00,54.00,29.70,25.00
20190927171011,537.00,54.00,29.80,27.00
20190927171111,535.00,54.00,29.70,26.00
20190927171211,540.00,54.00,29.70,27.00
20190927171311,555.00,55.00,29.60,25.00
20190927171411,548.00,55.00,29.60,26.00
20190927171511,542.00,54.00,29.60,25.00
20190927171611,543.00,54.00,29.60,23.00
20190927171711,537.00,54.00,29.60,27.00
20190927171811,531.00,53.00,29.50,28.00
20190927171911,529.00,54.00,29.40,24.00
20190927172011,534.00,54.00,29.30,25.00
20190927172111,542.00,54.00,29.30,28.00
20190927172211,553.00,54.00,29.40,29.00
20190927172311,567.00,53.00,29.60,28.00
20190927172411,562.00,53.00,29.60,26.00
20190927172511,552.00,52.00,29.70,27.00
20190927172611,561.00,52.00,29.80,26.00
20190927172712,558.00,52.00,29.70,22.00
20190927172812,555.00,51.00,29.60,20.00
20190927172912,555.00,51.00,29.60,23.00
20190927173012,552.00,51.00,29.50,24.00
20190927173112,558.00,51.00,29.40,22.00
20190927173212,564.00,51.00,29.30,26.00
20190927173312,567.00,51.00,29.30,26.00
20190927173412,576.00,51.00,29.30,27.00
20190927173512,579.00,51.00,29.30,27.00
20190927173612,588.00,51.00,29.40,28.00
20190927173712,598.00,50.00,29.40,28.00
20190927173812,603.00,51.00,29.60,28.00
20190927173912,596.00,49.00,29.90,27.00
20190927174012,592.00,47.00,30.10,27.00
20190927174112,595.00,47.00,30.30,26.00
20190927174212,602.00,46.00,30.30,26.00
20190927174312,611.00,45.00,30.10,26.00
20190927174413,612.00,45.00,30.00,26.00
20190927174513,613.00,45.00,29.90,26.00
20190927174613,630.00,44.00,29.80,27.00
20190927174713,647.00,44.00,29.80,27.00
20190927174813,663.00,44.00,29.80,28.00
20190927174913,682.00,44.00,29.60,27.00
20190927175013,687.00,43.00,29.70,27.00
20190927175113,698.00,43.00,29.60,27.00
20190927175213,716.00,43.00,29.50,28.00
20190927175313,726.00,43.00,29.30,27.00
20190927175413,742.00,42.00,29.30,28.00
20190927175513,766.00,42.00,29.20,29.00
20190927175613,780.00,43.00,29.20,30.00
20190927175713,799.00,42.00,29.10,30.00
20190927175813,811.00,41.00,28.90,31.00
20190927175913,822.00,41.00,28.90,31.00
20190927180013,824.00,41.00,28.80,32.00
20190927180114,842.00,41.00,28.60,33.00
20190927180214,865.00,41.00,28.60,34.00
20190927180314,870.00,42.00,28.50,34.00
20190927180414,879.00,41.00,28.50,35.00
20190927180514,888.00,41.00,28.50,34.00
20190927180614,905.00,41.00,28.50,36.00
20190927180714,913.00,41.00,28.30,35.00
20190927180814,923.00,40.00,28.30,36.00
20190927180914,931.00,41.00,28.20,36.00
20190927181014,940.00,41.00,28.10,37.00
20190927181114,949.00,41.00,28.10,34.00
20190927181214,946.00,40.00,28.00,36.00
20190927181314,953.00,41.00,28.00,36.00
20190927181414,960.00,40.00,28.00,37.00
20190927181514,972.00,39.00,27.90,37.00
20190927181614,964.00,39.00,27.90,34.00
20190927181714,968.00,39.00,27.80,36.00
20190927181814,972.00,40.00,27.90,37.00
20190927181915,966.00,39.00,27.80,37.00
20190927182015,978.00,40.00,27.70,39.00
20190927182115,988.00,40.00,27.70,38.00
20190927182215,990.00,40.00,27.90,36.00
20190927182315,990.00,39.00,27.80,35.00
20190927182415,989.00,39.00,27.80,35.00
20190927182515,983.00,40.00,27.80,36.00
20190927182615,964.00,40.00,27.90,36.00
20190927182715,957.00,39.00,27.90,35.00
20190927182815,962.00,40.00,28.10,36.00
20190927182915,962.00,40.00,28.10,36.00
20190927183015,976.00,39.00,27.90,35.00
20190927183115,974.00,39.00,27.80,34.00
20190927183215,971.00,40.00,27.80,36.00
20190927183315,969.00,40.00,27.90,35.00
20190927183415,966.00,40.00,27.90,35.00
20190927183515,957.00,40.00,27.90,34.00
20190927183616,946.00,40.00,27.90,36.00
20190927183716,945.00,41.00,28.10,36.00
20190927183816,948.00,41.00,28.10,37.00
20190927183916,934.00,41.00,28.20,37.00
20190927184016,941.00,41.00,28.10,37.00
20190927184116,938.00,41.00,28.20,37.00
20190927184216,936.00,41.00,28.20,39.00
20190927184316,942.00,41.00,28.30,39.00
20190927184416,936.00,41.00,28.30,37.00
20190927184516,943.00,40.00,28.30,38.00
20190927184616,933.00,41.00,28.20,37.00
20190927184716,928.00,41.00,28.30,37.00
20190927184816,923.00,41.00,28.60,38.00
20190927184916,939.00,41.00,28.30,38.00
20190927185016,941.00,41.00,28.30,39.00
20190927185117,937.00,41.00,28.50,38.00
20190927185216,942.00,41.00,28.30,38.00
20190927185317,947.00,41.00,28.50,37.00
20190927185417,946.00,41.00,28.70,35.00
20190927185517,948.00,41.00,28.40,35.00
20190927185617,937.00,41.00,28.60,34.00
20190927185717,929.00,41.00,28.50,34.00
20190927185817,907.00,41.00,28.60,36.00
20190927185917,908.00,41.00,28.60,35.00
20190927190017,910.00,41.00,28.60,34.00
20190927190117,915.00,40.00,28.60,35.00
20190927190217,911.00,40.00,28.60,33.00
20190927190317,905.00,40.00,28.50,33.00
20190927190417,904.00,40.00,28.30,33.00
20190927190517,903.00,40.00,28.30,33.00
20190927190617,917.00,40.00,28.30,33.00
20190927190717,907.00,40.00,28.30,33.00
20190927190817,906.00,40.00,28.30,35.00
20190927190917,918.00,40.00,28.20,37.00
20190927191018,921.00,40.00,28.60,36.00
20190927191118,928.00,39.00,28.60,34.00
20190927191218,935.00,39.00,28.50,33.00
20190927191318,934.00,39.00,28.60,34.00
20190927191418,939.00,39.00,28.50,33.00
20190927191518,938.00,39.00,28.50,33.00
20190927191618,932.00,39.00,28.20,32.00
20190927191718,925.00,40.00,28.30,35.00
20190927191818,927.00,40.00,28.30,35.00
20190927191918,920.00,40.00,28.50,36.00
20190927192018,922.00,40.00,28.60,35.00
20190927192118,917.00,39.00,28.70,34.00
20190927192218,920.00,40.00,28.70,37.00
20190927192318,908.00,40.00,28.70,36.00
20190927192418,905.00,40.00,28.70,38.00
20190927192518,913.00,40.00,28.90,36.00
20190927192618,922.00,39.00,28.80,36.00
20190927192719,917.00,40.00,28.60,34.00
20190927192819,915.00,40.00,28.50,31.00
20190927192919,898.00,41.00,28.50,34.00
20190927193019,887.00,42.00,28.50,34.00
20190927193119,884.00,42.00,28.80,34.00
20190927193219,885.00,41.00,28.70,34.00
20190927193319,882.00,41.00,28.60,34.00
20190927193419,878.00,41.00,28.80,28.00
20190927193519,864.00,41.00,28.80,28.00
20190927193619,858.00,41.00,28.80,27.00
20190927193719,830.00,41.00,28.60,29.00
20190927193819,823.00,42.00,28.60,29.00
20190927193919,811.00,41.00,28.70,29.00
20190927194019,809.00,42.00,28.70,30.00
20190927194119,802.00,41.00,28.90,30.00
20190927194219,796.00,42.00,28.80,29.00
20190927194319,788.00,41.00,28.80,27.00
20190927194420,780.00,41.00,28.70,29.00
20190927194520,774.00,41.00,28.70,29.00
20190927194620,767.00,41.00,28.80,29.00
20190927194720,766.00,40.00,28.80,29.00
20190927194820,759.00,41.00,28.80,28.00
20190927194920,754.00,41.00,28.70,28.00
20190927195020,739.00,41.00,28.60,30.00
20190927195120,723.00,42.00,28.60,29.00
20190927195220,719.00,41.00,28.90,30.00
20190927195320,723.00,42.00,29.00,29.00
20190927195420,722.00,41.00,28.90,28.00
20190927195520,725.00,40.00,28.80,28.00
20190927195620,715.00,41.00,28.60,28.00
20190927195720,708.00,41.00,28.60,27.00
20190927195820,701.00,40.00,28.60,28.00
20190927195920,701.00,41.00,28.60,27.00
20190927200020,702.00,41.00,28.60,27.00
20190927200120,694.00,41.00,28.60,29.00
20190927200221,684.00,41.00,28.70,27.00
20190927200321,690.00,40.00,28.70,28.00
20190927200421,686.00,41.00,28.60,28.00
20190927200521,690.00,40.00,28.80,28.00
20190927200621,688.00,40.00,28.80,28.00
20190927200721,683.00,39.00,28.90,29.00
20190927200821,666.00,40.00,29.10,28.00
20190927200921,652.00,39.00,28.90,27.00
20190927201021,651.00,39.00,28.80,27.00
20190927201121,651.00,40.00,28.70,25.00
20190927201221,647.00,40.00,28.60,27.00
20190927201321,645.00,41.00,28.50,27.00
20190927201421,643.00,41.00,28.80,28.00
20190927201521,632.00,40.00,28.80,27.00
20190927201621,626.00,40.00,28.80,26.00
20190927201721,620.00,40.00,28.80,27.00
20190927201821,628.00,40.00,28.70,27.00
20190927201922,616.00,40.00,28.80,27.00
20190927202022,607.00,40.00,28.60,26.00
20190927202122,604.00,40.00,28.60,26.00
20190927202222,606.00,41.00,28.50,26.00
20190927202322,611.00,41.00,28.50,26.00
20190927202422,602.00,42.00,28.60,26.00
20190927202522,599.00,42.00,28.60,27.00
20190927202622,587.00,41.00,28.70,26.00
20190927202722,578.00,41.00,28.60,25.00
20190927202822,571.00,41.00,28.50,25.00
20190927202922,577.00,41.00,28.20,27.00
20190927203022,571.00,41.00,28.50,27.00
20190927203122,579.00,40.00,28.60,26.00
20190927203222,576.00,40.00,28.80,25.00
20190927203322,569.00,41.00,28.60,27.00
20190927203422,562.00,41.00,28.70,27.00
20190927203522,562.00,42.00,28.60,27.00
20190927203623,565.00,41.00,28.60,27.00
20190927203723,563.00,41.00,28.80,27.00
20190927203823,562.00,41.00,28.70,27.00
20190927203923,556.00,40.00,28.90,27.00
20190927204023,558.00,40.00,28.90,27.00
20190927204123,549.00,40.00,28.70,25.00
20190927204223,549.00,40.00,28.80,25.00
20190927204323,548.00,40.00,28.60,26.00
20190927204423,552.00,41.00,28.60,26.00
20190927204523,547.00,41.00,28.50,25.00
20190927204623,552.00,41.00,28.60,27.00
20190927204723,552.00,40.00,28.60,27.00
20190927204823,555.00,38.00,28.40,27.00
20190927204923,548.00,38.00,28.20,27.00
20190927205023,543.00,38.00,28.20,27.00
20190927205123,539.00,38.00,28.30,27.00
20190927205223,548.00,39.00,28.10,26.00
20190927205324,550.00,39.00,28.10,26.00
20190927205424,549.00,39.00,28.00,26.00
20190927205524,547.00,39.00,27.90,26.00
20190927205624,544.00,39.00,27.80,25.00
20190927205724,535.00,39.00,27.90,24.00
20190927205824,542.00,39.00,27.90,26.00
20190927205924,539.00,39.00,27.90,26.00
20190927210024,536.00,39.00,27.90,26.00
20190927210124,541.00,39.00,27.90,26.00
20190927210224,548.00,39.00,28.20,27.00
20190927210324,549.00,39.00,28.10,26.00
20190927210424,550.00,39.00,28.00,26.00
20190927210524,538.00,38.00,27.90,25.00
20190927210624,536.00,39.00,27.90,25.00
20190927210724,537.00,38.00,27.90,26.00
20190927210824,545.00,39.00,28.00,25.00
20190927210924,537.00,38.00,27.90,24.00
20190927211025,537.00,39.00,27.90,26.00
20190927211125,547.00,38.00,27.80,26.00
20190927211225,541.00,39.00,27.80,26.00
20190927211325,552.00,38.00,27.80,26.00
20190927211425,549.00,38.00,27.70,26.00
20190927211525,541.00,38.00,27.60,27.00
20190927211625,550.00,39.00,27.60,26.00
20190927211725,553.00,38.00,27.70,25.00
20190927211825,562.00,38.00,27.70,27.00
20190927211925,562.00,38.00,27.80,28.00
20190927212025,569.00,38.00,27.80,28.00
20190927212125,573.00,38.00,27.70,29.00
20190927212225,576.00,38.00,27.80,30.00
20190927212325,583.00,38.00,27.70,32.00
20190927212425,598.00,38.00,27.60,33.00
20190927212525,612.00,38.00,27.50,34.00
20190927212625,619.00,38.00,27.60,34.00
20190927212726,624.00,38.00,27.60,35.00
20190927212826,631.00,38.00,27.60,37.00
20190927212926,633.00,38.00,27.70,36.00
20190927213026,632.00,38.00,27.70,36.00
20190927213126,636.00,38.00,27.70,37.00
20190927213226,644.00,38.00,27.70,37.00
20190927213326,658.00,38.00,27.60,37.00
20190927213426,666.00,38.00,27.60,37.00
20190927213526,664.00,38.00,27.60,39.00
20190927213626,655.00,38.00,27.60,39.00
20190927213726,655.00,38.00,27.70,41.00
20190927213826,656.00,38.00,27.80,41.00
20190927213926,652.00,37.00,27.80,41.00
20190927214026,666.00,37.00,27.80,41.00
20190927214126,677.00,37.00,27.70,41.00
20190927214226,686.00,37.00,27.60,41.00
20190927214326,682.00,37.00,27.40,43.00
20190927214426,685.00,38.00,27.60,43.00
20190927214527,687.00,37.00,27.40,44.00
20190927214627,684.00,38.00,27.50,44.00
20190927214727,678.00,37.00,27.60,44.00
20190927214827,683.00,37.00,27.60,45.00
20190927214927,688.00,37.00,27.50,44.00
20190927215027,707.00,37.00,27.40,45.00
20190927215127,707.00,37.00,27.40,44.00
20190927215227,709.00,38.00,27.40,46.00
20190927215327,706.00,38.00,27.50,45.00
20190927215427,696.00,37.00,27.50,47.00
20190927215527,700.00,37.00,27.60,46.00
20190927215627,709.00,37.00,27.60,46.00
20190927215727,710.00,37.00,27.60,46.00
20190927215827,709.00,37.00,27.40,47.00
20190927215927,709.00,37.00,27.60,46.00
20190927220027,704.00,37.00,27.40,46.00
20190927220128,709.00,38.00,27.40,46.00
20190927220228,709.00,38.00,27.40,47.00
20190927220328,709.00,37.00,27.60,48.00
20190927220428,708.00,37.00,27.70,47.00
20190927220528,703.00,36.00,27.70,46.00
20190927220628,700.00,36.00,27.70,46.00
20190927220728,705.00,36.00,27.60,47.00
20190927220828,701.00,36.00,27.60,47.00
20190927220928,697.00,37.00,27.40,44.00
20190927221028,699.00,37.00,27.40,45.00
20190927221128,700.00,38.00,27.40,46.00
20190927221228,699.00,37.00,27.50,46.00
20190927221328,698.00,37.00,27.60,46.00
20190927221428,703.00,37.00,27.50,44.00
20190927221528,698.00,37.00,27.50,46.00
20190927221628,693.00,37.00,27.40,46.00
20190927221728,688.00,37.00,27.40,42.00
20190927221828,682.00,38.00,27.40,44.00
20190927221929,680.00,37.00,27.60,46.00
20190927222029,679.00,37.00,27.60,47.00
20190927222129,682.00,38.00,27.60,39.00
20190927222229,678.00,38.00,27.60,39.00
20190927222329,670.00,38.00,27.60,41.00
20190927222429,661.00,37.00,27.70,43.00
20190927222529,661.00,38.00,27.60,44.00
20190927222629,655.00,38.00,27.70,44.00
20190927222729,647.00,38.00,27.80,44.00
20190927222829,642.00,38.00,27.80,46.00
20190927222929,648.00,38.00,27.90,46.00
20190927223029,658.00,38.00,28.00,42.00
20190927223129,667.00,39.00,28.10,38.00
20190927223229,653.00,38.00,28.00,36.00
20190927223329,643.00,38.00,28.00,36.00
20190927223429,629.00,37.00,27.90,36.00
20190927223529,623.00,37.00,27.90,36.00
20190927223630,616.00,38.00,27.90,37.00
20190927223730,615.00,39.00,28.00,37.00
20190927223830,603.00,39.00,28.00,37.00
20190927223930,599.00,38.00,28.10,37.00
20190927224030,591.00,38.00,28.00,37.00
20190927224130,597.00,38.00,28.10,37.00
20190927224230,597.00,38.00,28.00,36.00
20190927224330,595.00,38.00,28.00,36.00
20190927224430,590.00,38.00,28.00,36.00
20190927224530,601.00,39.00,28.00,36.00
20190927224630,604.00,39.00,28.10,37.00
20190927224730,602.00,38.00,28.20,36.00
20190927224830,595.00,38.00,28.20,36.00
20190927224930,584.00,37.00,28.40,36.00
20190927225030,574.00,37.00,28.50,35.00
20190927225130,578.00,37.00,28.40,34.00
20190927225230,574.00,38.00,28.20,36.00
20190927225331,577.00,39.00,28.20,36.00
20190927225431,575.00,40.00,28.20,37.00
20190927225531,577.00,40.00,28.20,36.00
20190927225631,583.00,39.00,28.30,36.00
20190927225731,583.00,39.00,28.50,35.00
20190927225831,583.00,38.00,28.40,34.00
20190927225931,570.00,38.00,28.40,34.00
20190927230031,575.00,38.00,28.30,34.00
20190927230131,581.00,39.00,28.20,34.00
20190927230231,576.00,39.00,28.20,34.00
20190927230331,579.00,40.00,28.10,35.00
20190927230431,573.00,40.00,28.30,36.00
20190927230531,577.00,40.00,28.40,34.00
20190927230631,583.00,40.00,28.40,39.00
20190927230731,592.00,40.00,28.30,42.00
20190927230831,602.00,40.00,28.50,45.00
20190927230931,617.00,40.00,28.50,45.00
20190927231032,616.00,41.00,28.10,46.00
20190927231132,627.00,41.00,28.10,46.00
20190927231232,627.00,41.00,28.10,46.00
20190927231332,628.00,41.00,28.10,50.00
20190927231432,646.00,40.00,28.30,47.00
20190927231532,644.00,39.00,28.30,48.00
20190927231632,651.00,39.00,28.40,46.00
20190927231732,654.00,39.00,28.20,43.00
20190927231832,647.00,39.00,28.10,38.00
20190927231932,626.00,39.00,28.10,38.00
20190927232032,618.00,39.00,28.10,37.00
20190927232132,605.00,40.00,28.10,36.00
20190927232232,603.00,40.00,28.00,36.00
20190927232332,593.00,40.00,28.10,37.00
20190927232432,591.00,39.00,28.20,39.00
20190927232532,585.00,39.00,28.30,41.00
20190927232632,587.00,39.00,28.40,41.00
20190927232733,598.00,39.00,28.30,46.00
20190927232833,612.00,39.00,28.20,47.00
20190927232933,619.00,40.00,28.10,48.00
20190927233033,642.00,40.00,28.10,50.00
20190927233133,646.00,40.00,28.00,50.00
20190927233233,648.00,40.00,28.20,48.00
20190927233333,647.00,39.00,28.20,46.00
20190927233433,643.00,39.00,28.20,41.00
20190927233533,632.00,39.00,28.10,40.00
20190927233633,627.00,38.00,27.90,40.00
20190927233733,625.00,39.00,27.80,41.00
20190927233833,619.00,39.00,27.90,41.00
20190927233933,611.00,40.00,27.80,40.00
20190927234033,604.00,40.00,27.90,40.00
20190927234133,606.00,40.00,27.90,39.00
20190927234233,603.00,39.00,27.90,39.00
20190927234333,600.00,41.00,28.10,38.00
20190927234434,596.00,40.00,28.10,39.00
20190927234534,592.00,40.00,27.90,39.00
20190927234634,594.00,41.00,27.70,39.00
20190927234734,600.00,41.00,27.70,39.00
20190927234834,598.00,41.00,27.60,39.00
20190927234934,590.00,42.00,27.60,39.00
20190927235034,588.00,42.00,27.60,39.00
20190927235134,592.00,42.00,27.60,39.00
20190927235234,589.00,42.00,27.50,39.00
20190927235334,589.00,43.00,27.50,39.00
20190927235434,589.00,43.00,27.60,39.00
20190927235534,584.00,43.00,27.60,39.00
20190927235634,577.00,43.00,27.50,39.00
20190927235734,575.00,43.00,27.60,39.00
20190927235834,580.00,44.00,27.50,39.00
20190927235934,585.00,44.00,27.60,39.00
